epoch,MAE,MSE,Pearson r
0,0.17941168267903942,0.05329065274917899,0.9821761831263077
1,0.12714772460509025,0.028658888761069895,0.9864470069293668
2,0.10663097706417353,0.019815554308820135,0.9903070062722167
3,0.1043540426838018,0.01838160082974814,0.9909164272717562
4,0.16196813125340892,0.03769777621031646,0.9917968497459031
5,0.1296668852900381,0.02611230440248613,0.9915972835675377
6,0.09347362436328854,0.01643926214784377,0.9920386648967653
7,0.07575840502792333,0.010456458495602975,0.9943406239183528
8,0.0944662833788205,0.014977039651990619,0.9936381521350689
9,0.09490242886989249,0.015470087670918056,0.9940902577510192
10,0.07240972270755126,0.010041347970853093,0.9947257786802159
11,0.09931837542196809,0.015462247587901505,0.9949203172818992
12,0.07749346723390639,0.011172457539944529,0.9947381462406268
13,0.06821999340255326,0.008991628124180612,0.9954081941252599
14,0.08459056694782342,0.012219147483766143,0.9951419756086243
15,0.07263970008064981,0.009855153427242466,0.9947705297677357
16,0.07867468873561707,0.011079134346439303,0.9953198294119211
17,0.07427553619737592,0.011852410440270637,0.9944058318404335
18,0.06805198200341477,0.00822861237639207,0.9962040143323089
19,0.06588719191439955,0.008205060985315612,0.9958693302173216
20,0.07613466384756871,0.010030053219130643,0.9960926711815985
21,0.06329369683169915,0.007312550068065656,0.9963662204459343
22,0.08640503227031046,0.012646444034460207,0.9959613764020988
23,0.06027762282195303,0.0066719250273677535,0.9964949030885336
24,0.06404313383090325,0.007410687835831359,0.9961530430154212
25,0.07609374320174817,0.009382774899709028,0.9966517557545506
26,0.06409826913663268,0.008437346598407162,0.9958689323391766
27,0.08865764952522172,0.01843355059873933,0.9920565193442511
28,0.06334745963149455,0.007337841538730562,0.9966651704826659
29,0.07575237909071333,0.010742653832949605,0.9962579596926415
30,0.06414027411003814,0.008302464743722123,0.9966505361784824
31,0.07595846312451798,0.010024388580991516,0.9962999593965705
32,0.05506922317005475,0.005886592636688474,0.9969752969876807
33,0.060965637784494625,0.007529303840347207,0.996177194798925
34,0.0704554275205252,0.015622229002197506,0.9929246286857065
35,0.058774194558715825,0.0069555301950081526,0.9964260582658923
36,0.05524080659095259,0.005831508628944849,0.9970601980845507
37,0.10134673642125896,0.028350288581197734,0.9886630964163597
38,0.054824537353521614,0.00578676145891366,0.9973265095521043
39,0.06003898776463061,0.007885928168910537,0.9966971929776911
40,0.053481331316052524,0.005638223634112311,0.9971685065053204
41,0.08301684471993194,0.015381894369001375,0.9947059040871771
42,0.06622617984462753,0.009131849869461703,0.9971862128355407
43,0.05895845839800142,0.007264143665341237,0.9967844402880118
44,0.10361677454045247,0.015520356476496973,0.9970863536732477
45,0.05494653856313872,0.005805939670565567,0.997323769651663
46,0.056578122477246494,0.006481454151189437,0.9971341433980605
47,0.06471919286463813,0.007225348913021597,0.9971394290811166
48,0.058391655780100096,0.006963949239346918,0.996981032474529
49,0.05165921669526754,0.004977643034365522,0.997321820765349
50,0.07411741380417072,0.008491058541721868,0.9973866924741551
51,0.06359397805121696,0.009116537235199259,0.9967612482465482
52,0.06540290499540193,0.00739267333033623,0.997315823160302
53,0.05966540646107514,0.00722042936725088,0.9974275345838572
54,0.06205516532437316,0.007794481381117603,0.9975352448536742
55,0.05547314282700074,0.005240804805941121,0.9975556916273669
56,0.06314958800196019,0.014951563008541,0.9925146799883929
57,0.06678389713159529,0.008252939344776404,0.9973309679674718
58,0.0759911175256031,0.009372967705775252,0.9969340335096453
59,0.07556697109201015,0.009206946770436791,0.9972098996238749
60,0.059183106466906145,0.005923512520413235,0.9976627053351086
61,0.049208100133476554,0.0043809796743160215,0.997670490905122
62,0.05957215750295685,0.007703818956978522,0.9968986215180109
63,0.06544866130298257,0.007703798165472182,0.9975607400687589
64,0.08927648289065593,0.014169062777915045,0.9958554357948234
65,0.06424409082266867,0.008672267880857506,0.9965347128386853
66,0.07464251570807129,0.009057490483963844,0.99698291937943
67,0.057075027502127146,0.005897355197745367,0.9973582602362067
68,0.06105210973912334,0.008326696670586069,0.9969715291548501
69,0.06383151190398875,0.00687249025014686,0.9975597533052123
70,0.06775338287990017,0.007701348732887492,0.9972474374950543
71,0.06111044172614003,0.0064834974122102654,0.9966216577997241
72,0.06342460293082437,0.007807830155533448,0.9967290235416846
73,0.05127912961516495,0.0047888649964301895,0.9975442189028615
74,0.0765623460532085,0.018847831232575794,0.991378763625039
75,0.05709696406877303,0.006626484567438231,0.9969336034229446
76,0.08858572429499101,0.01130139014040459,0.9974634081695263
77,0.06026319364718142,0.007218838047009519,0.9977036267484343
78,0.06973435725046075,0.01105808650878028,0.9970116462379026
79,0.05723248999758636,0.006054129469913815,0.9972362284025243
80,0.05915246568285452,0.007786033670127558,0.9972157085154904
81,0.060776136977743825,0.0071771472340802795,0.9970494489189587
82,0.06713708847763405,0.009973354315881705,0.9971307129496215
83,0.07563354377101805,0.012719696100829726,0.9947879283101214
84,0.06126249421841392,0.006848683564309945,0.9971229750215815
85,0.07116982319355561,0.009716685370577089,0.9975626324027269
86,0.0555842112176359,0.005506626285087772,0.9974932531577827
87,0.055491860180079705,0.0065866182437265015,0.997208259085295
88,0.05381320427427751,0.004881185292136138,0.9978999246179178
89,0.07302280815311153,0.012596721012438371,0.9955017340774929
90,0.07236003985819016,0.011295633337134119,0.9970706236240328
91,0.0654579567889833,0.009739395821402902,0.9968902871505797
92,0.061203237049784504,0.006798859693286372,0.9969794656361053
93,0.07525366786366433,0.011160487726595014,0.997073452719722
94,0.049829162143758224,0.004585277025036257,0.9976620601002221
95,0.05661345213896562,0.007077258684553873,0.9971638605860524
96,0.06904772974530884,0.011080077008987235,0.9970967908011416
97,0.061174183534815456,0.012688229495876321,0.9936979819968924
98,0.07351903100223381,0.01829463621617526,0.9905813170921045
99,0.061683216900226996,0.007479668081492909,0.9971350072350821
100,0.07344773272663675,0.01014671597603205,0.9961197168303099
101,0.046995509955469125,0.004120829589609368,0.9978778985434267
102,0.08427375395404624,0.011314656188767263,0.9974439839446879
103,0.06277927312828119,0.007458861081228495,0.9975962786871334
104,0.058993283852308356,0.006298737420357252,0.9975154320401801
105,0.06428285340538761,0.011632757665524733,0.994883279634179
106,0.052673927296691445,0.006303686175795747,0.996716648246376
107,0.052643062621546895,0.004960048463060212,0.9976727845643073
108,0.0683078813949923,0.010537520122523701,0.9968143058100642
109,0.07153780571052702,0.011645858203123055,0.9959470986155388
110,0.06425495328895925,0.007323052567085388,0.997532026348374
111,0.06784774959643522,0.011964605857253636,0.9957658665061253
112,0.06634422093162345,0.00762481023900246,0.9971951444898133
113,0.08065724798279478,0.01522210606991912,0.996823234226344
114,0.06854922614524397,0.008755881776337897,0.997052613761117
115,0.06374498584884886,0.007016394057548834,0.9970974469296261
116,0.07306713943217097,0.009000301664348087,0.9963367448364497
117,0.07056026661457532,0.009575011007891656,0.995320791823321
118,0.0684075125553143,0.01031897907243691,0.9970768889706316
119,0.08249315049591867,0.011286832899038602,0.9968461137366471
120,0.07715282155956114,0.012537296483663477,0.9956997098684328
121,0.055719786118875424,0.005285835824918373,0.9974066960435176
122,0.05762864226673858,0.00680868518854182,0.997487635143844
123,0.05895342414258212,0.006967414210274496,0.9975033701164809
124,0.07834399358499826,0.011672459926113996,0.9967423980215496
125,0.06459332010158532,0.008913844619482057,0.997080666068466
126,0.07018271886778948,0.00844591689375439,0.9968555636679897
127,0.08472200940107573,0.017089816619738817,0.9929521330627482
128,0.07652290613550444,0.01200642105947892,0.9963929829375447
129,0.07757465069328941,0.010523928472248803,0.9965791762929316
130,0.06983407435373737,0.01211995368228935,0.9966659629022651
131,0.06371995607328772,0.006985216460591244,0.9972645088797262
132,0.07850932588040409,0.010111667216683131,0.9968637834858296
133,0.056142173806505984,0.0070764391349502735,0.996433422544054
134,0.059196831111400804,0.0075392944178670875,0.9971780744668602
135,0.05878810212246767,0.006726103568740822,0.9965786842601657
136,0.054942479967608225,0.005867857377363591,0.9978915450950269
137,0.055054069626935966,0.006449034133334235,0.9970108689423489
138,0.05536466995456427,0.006163840993160307,0.9977276933651104
139,0.06115139680784211,0.007371544485310627,0.997129901028073
140,0.057526269605668444,0.007739116939233299,0.9973514627326726
141,0.060460914790428325,0.006991581324964224,0.9966741922756205
142,0.05346142223330457,0.00514852192856533,0.9980448721041238
143,0.06704851397713354,0.009557443806433698,0.996356494155233
144,0.07429908347069279,0.016690297575114345,0.9922951060687737
145,0.060033427297131896,0.007167414141403248,0.9971948949460162
146,0.06554446546873277,0.007678352254865616,0.9970229119990854
147,0.06803555768123463,0.009740373554462575,0.995919662185827
148,0.07057364348169422,0.00862659599662812,0.997087645721867
149,0.062112661650535375,0.00698379669905765,0.9971365722512398
150,0.08224253127074665,0.010083830868697794,0.9975497168485549
151,0.055874038995982686,0.006595435245478644,0.9976629874423951
152,0.060216270914361075,0.008634684521886298,0.9970510990386348
153,0.08523476313727446,0.013693692455774594,0.9959933070466349
154,0.06423557933609622,0.009148423613612875,0.9973570187786613
155,0.059676755096962346,0.00840660892714923,0.9971069526527521
156,0.05773774336234668,0.0076162147164533355,0.99728618583187
157,0.05776428581847223,0.0063583540932395065,0.9968694467703437
158,0.06254900502854809,0.007645274667780874,0.997319109769839
159,0.061001033938829954,0.008212007269492245,0.9974893510094408
160,0.0540701163705275,0.006060058586034005,0.9977896330998014
161,0.07221624576269169,0.010405411879269182,0.9962013479059313
162,0.05519883240117767,0.005891214803296904,0.9979319413438545
163,0.059731700149609296,0.008342410117415095,0.996977911639457
164,0.09851074835604355,0.04235272832560573,0.9784480890918711
165,0.058657448762114435,0.0066415425290882535,0.9971875129151273
166,0.052780503492394375,0.005047185828290188,0.997976214640359
167,0.04734187017854443,0.004427325779133731,0.9977575882755196
168,0.059241655898884436,0.005957824382658695,0.997558715312631
169,0.05687106728714636,0.006146484476357794,0.9970555288371876
170,0.07274924852879386,0.00926553169137222,0.9971856741903244
171,0.057809852338622014,0.005792422189190393,0.9971803593922913
172,0.05851138342628927,0.007219070901239843,0.9969066796156618
173,0.06702143457643348,0.010994704470651666,0.9971698599714417
174,0.0628769215881113,0.008353559493785905,0.9973291662093386
175,0.08478022583241138,0.012018774868532924,0.9964931931984212
176,0.06934799790667148,0.00969783594414152,0.9969742683101868
177,0.05675033342320723,0.0065516176068748854,0.9976228696727806
178,0.04971544759800291,0.0048364850150620815,0.9975715533166839
179,0.07332308162078588,0.009870455048366653,0.996731173167084
180,0.0694297161709434,0.008519161026253844,0.997430730776002
181,0.05037046284422214,0.00500455433571709,0.9977161883553247
182,0.0834022680771631,0.013968909587033474,0.9965504867221913
183,0.06978589447845644,0.009140653248479843,0.996941616141053
184,0.0781222870145041,0.012359314765872079,0.9967792134231395
185,0.07569313011537472,0.011005622637917808,0.9961834807790352
186,0.055277605033525946,0.00572997288325731,0.9977451738302552
187,0.06813249764040281,0.010858556989951742,0.9970503498046074
188,0.06440958551551132,0.007529346895147991,0.9968795130938101
189,0.06909256085367074,0.010247867267823027,0.9964323547693155
190,0.06698541682317063,0.01003196683933982,0.9959646752091157
191,0.05566293455181273,0.005826967960147537,0.9975505993699418
192,0.056474589951424355,0.006358116654150943,0.9977734794454663
193,0.07243739007088534,0.01564199634759858,0.9923666410325279
194,0.06601244612701826,0.011664585607034546,0.9960093048950411
195,0.07012819517065183,0.010845871171460532,0.9976681564648404
196,0.04894591647865529,0.005039646888531561,0.9977179512316402
197,0.056578789514686006,0.007933015178888312,0.9957916992551167
198,0.06487211331857584,0.008777165345672844,0.9973048035579044
199,0.06956260078146212,0.011911805365751416,0.9968420594598467
200,0.05998802867702151,0.0068174136265768525,0.9969007601747473
201,0.06234879900194899,0.006482932961800285,0.9974761828843187
202,0.07072858497685307,0.00942318869491176,0.9969909555824756
203,0.07286170445039268,0.011848548174930775,0.997231224418218
204,0.07303494069904305,0.014308843569590304,0.9966371218241284
205,0.0727049492453317,0.013757760161400814,0.9969748943203913
206,0.0632107663678229,0.007340500081185566,0.9971243665209418
207,0.06015122596458125,0.010269404850629407,0.9949653983126195
208,0.06154059183360268,0.0075309455198073316,0.9972040336680629
209,0.07305118001867796,0.013364667517546319,0.9965734022290444
210,0.051599058028193145,0.004884778957738152,0.9977114632912856
211,0.059456428690931096,0.007512108461439831,0.9972223714124283
212,0.08203046728763026,0.012315241125077403,0.9958084501507192
213,0.06137251557678717,0.007791585894674913,0.9971446796945813
214,0.0539850692954569,0.005307129049646483,0.9977851124108394
215,0.06668786110375224,0.010968823849204449,0.996870618622969
216,0.07211466619660607,0.012704552800591346,0.9968252393001247
217,0.0722575934020756,0.00844029255571772,0.9978314347869462
218,0.051943248246167084,0.005473865321975338,0.9972814143132553
219,0.05313286742512892,0.005298355684143548,0.9981021395086257
220,0.06440294466161853,0.012425777619879988,0.9946965663989054
221,0.057352020829769784,0.006845422805233815,0.9974278721526312
222,0.0616658207176615,0.007200268950988587,0.9970650377673957
223,0.0655252103291029,0.012305127720843325,0.994318334832642
224,0.0579070655100701,0.007029685433832443,0.9976760354156602
225,0.0600535852999656,0.007528091834035538,0.997263239284128
226,0.06344849072949019,0.009667194685620323,0.9972691958630533
227,0.051981885324441895,0.005165320011030357,0.997643907691256
228,0.07166438375204431,0.008717705394251958,0.9971637513404452
229,0.06367799060162385,0.009394437908201636,0.9968775950053484
230,0.07162102589856878,0.011559214502014158,0.995694433106771
231,0.05357285673275133,0.006482356618446182,0.997805101703745
232,0.08486691089458762,0.01902652353493397,0.9968662857177628
233,0.06240535862001056,0.006821205454683007,0.9972389913442785
234,0.0864644964913149,0.012669992848081669,0.9978246265301035
235,0.06281871274551892,0.007124470969768938,0.9971547592058546
236,0.0702704646628034,0.01178937826201341,0.9969631423181445
237,0.07056246887339605,0.013024447308684734,0.9965400895740777
238,0.08273979058842296,0.019652650530349133,0.9939547154215324
239,0.05613145277579149,0.006391700529398407,0.9976436753401011
240,0.04984044585924865,0.004329628776804805,0.9979788002679861
241,0.0819749928479661,0.01757322290692722,0.9934082507290284
242,0.0603441375249208,0.007934518297744228,0.9967448859174831
243,0.06578242923558987,0.007520006126101982,0.9974619129724173
244,0.06573500951010183,0.007915182031448946,0.9971901873281175
245,0.07940535251821326,0.019170576818032792,0.9902497444219975
246,0.06962152409950467,0.008471025703828801,0.9974711925333962
247,0.055956284480872746,0.006742074266562728,0.9973280041935227
248,0.05678263038476448,0.007643675399554181,0.9968080426939421
249,0.06146934759274796,0.007195458737354864,0.9972163803179153
250,0.07443163377355708,0.010090844197099061,0.9970940618714718
251,0.05246558431240736,0.006030673276676866,0.9972494461167781
252,0.06737260296821145,0.011541644816445559,0.9967849262652675
253,0.06996338870168267,0.009203022451904496,0.9961230925757126
254,0.06262538890062622,0.008357393330651665,0.9973372465408811
255,0.06155334694914354,0.006879823474621514,0.997456306289203
256,0.06024305719879609,0.0074888703281184976,0.9972776961265581
257,0.060309231926538885,0.008151397583984617,0.997389815233403
258,0.10554723920476103,0.019079975077888247,0.9954032067747218
259,0.06094031353980463,0.0070771489391927,0.9970995751211063
260,0.07721317794544229,0.01095797982618239,0.9971416462951888
261,0.08848474090380642,0.013506458623379002,0.9978025098710096
262,0.0641558521042744,0.007578072997803497,0.9973338415968569
263,0.10587853452732039,0.03881750724164398,0.9858684889714239
264,0.06250103933553454,0.008722874680898843,0.9971537378797048
265,0.0767340936136396,0.01146517363490096,0.9960593859660446
266,0.07214187380348422,0.011968833208221046,0.996073337967049
267,0.057957682774395364,0.006860559296192704,0.9977171203863743
268,0.08191456126531607,0.012411630927007544,0.9960795163240591
269,0.07533548236121722,0.01617867301352815,0.9936204982598718
270,0.06416221600125524,0.00959873151563016,0.9975668206124638
271,0.0837801786348198,0.016179921870603943,0.9971578848506262
272,0.07299668973417611,0.011606839441833697,0.9975394308915454
273,0.0482512560560747,0.004421575269726511,0.9979853439463802
274,0.06566456793300489,0.00818398436009023,0.9968458560566555
275,0.07498387869929307,0.010587835155207309,0.9971967385465913
276,0.05351815033483609,0.0061937423288096136,0.9975188548040178
277,0.06297301471268484,0.008765933089152723,0.9964608656196404
278,0.0711386442526984,0.012524758605609334,0.9971278348997704
279,0.05936127372045068,0.008294875526532125,0.9967946244473249
280,0.07753189457802702,0.01111621442232135,0.9965947820690779
281,0.0675077413559418,0.011648546749800637,0.9968875698226594
282,0.05520145512020209,0.0067517506597536275,0.9969078901645722
283,0.06747046266813828,0.011191664272127332,0.9974051845631381
284,0.06259093893943529,0.00803019351958987,0.9962039062135244
285,0.07163021139074063,0.01023888476196263,0.9961390029133259
286,0.06125263492992697,0.007433008196362483,0.9968514121435499
287,0.06118552033974066,0.008005597793802116,0.9974575829505615
288,0.06758838183500145,0.016381668375773102,0.9927560773922458
289,0.056497238731008294,0.006143634827796648,0.9973650952633675
290,0.06926470353577628,0.011561274880157771,0.9958999822511658
291,0.07254123849242801,0.01505142217733096,0.9930761298375006
292,0.07953485782005448,0.0190342312913243,0.9919473006621934
293,0.061103481977868364,0.007992368117306088,0.9972748368733878
294,0.06138518269748534,0.009910416651540568,0.9969585300262864
295,0.0756117863828885,0.012455314550510934,0.9974952180039215
296,0.05454734583691489,0.006487441336634361,0.9977066527109877
297,0.0635777709173451,0.006709633105614627,0.9979607680925258
298,0.057561801158280496,0.006289828607043795,0.997496905522905
299,0.06833952857948347,0.00840414919053857,0.9966005717822575
300,0.05617153929161361,0.006683737591930031,0.9969711746799996
301,0.056111690755327494,0.0064732222488775295,0.9974989952334335
302,0.070805049726353,0.014662983345216632,0.9943454854433694
303,0.06533668153908155,0.007931860012925073,0.9973839883884091
304,0.05638401776399451,0.005627837923562613,0.9976020449013391
305,0.06153357994877221,0.007681190101530113,0.998188256360752
306,0.07095355449417066,0.013403347424932597,0.9970244630272054
307,0.055358035770437734,0.006608180467640527,0.9968286001986609
308,0.08777331414228885,0.012985382781450673,0.9969582700917303
309,0.06463861298858482,0.009283383912780174,0.9976307575436797
310,0.05563276406594632,0.005648206792228922,0.9975396661633533
311,0.06508607164398506,0.010252145843384427,0.9963814674462549
312,0.0651207535690227,0.008984406898936191,0.9970420205814915
313,0.07386942165818731,0.012185123812520326,0.9971517829503477
314,0.06295176089945767,0.010214045011935059,0.9972141456305857
315,0.07072376048465082,0.010789744577904888,0.9973761875018767
316,0.05751060339056869,0.0063392750292591,0.9968931110946794
317,0.06352577506200918,0.009947035201774531,0.9974676547808152
318,0.060503553008121054,0.007848413760540355,0.9966016976131425
319,0.062084734579542444,0.008590195802903043,0.9973806749925833
320,0.06504328086658219,0.008220631393260208,0.9972059697331092
321,0.06943674889215257,0.01045306385326358,0.9972590079689581
322,0.0517601826614841,0.005670446273535204,0.9973693602781788
323,0.07310928805156551,0.01437944225551176,0.9970608988450195
324,0.05807135357379773,0.0066935665191576,0.996745490472517
325,0.08195112808558544,0.03060259074513531,0.9880326871046666
326,0.06781824426031395,0.012790298671467092,0.9948624983121527
327,0.07590968231556447,0.013168280108789426,0.9958915541253947
328,0.06943862377959405,0.017609988577355812,0.9929376150541009
329,0.06790340226810913,0.009882705369096459,0.996570852911769
330,0.061690958107634475,0.008296411108410173,0.9978323213228453
331,0.06224650009705263,0.009394712296039229,0.997313851926103
332,0.0691347135481653,0.009209207616048133,0.997207996610961
333,0.063323196349171,0.008907686576584556,0.9961350877769433
334,0.055949076367311175,0.006007045067907616,0.9972433355852778
335,0.0633378200283982,0.009005705589984396,0.9959629213520343
336,0.06448816236690824,0.010049513533975525,0.9972542225592437
337,0.0683739484566247,0.012481849330824777,0.996758854565023
338,0.07526339942732979,0.013238798270771403,0.9972912102758318
339,0.08072663148226711,0.011579071375283832,0.9961212199950181
340,0.06381705278456572,0.009517057682830262,0.9974768574066372
341,0.13804903651148617,0.06000047192559447,0.968382190843458
342,0.07329221939317293,0.01245213334334897,0.9967795348210254
343,0.06909488713855047,0.011607631620279384,0.9968104630117262
344,0.07100254589447795,0.011525671888044731,0.9961050419634787
345,0.06449224071579812,0.00719950865283362,0.997703186053611
346,0.06051526680214899,0.008545702977477778,0.9967941904075109
347,0.0506674841108821,0.004938163674153387,0.9978917373421131
348,0.07407629582400078,0.015431075866636106,0.9931470226258426
349,0.07964947555567865,0.012449201974519387,0.9963864669130285
350,0.0730948843056955,0.01075263615992515,0.996735465243797
351,0.06520621845167195,0.00901197912347919,0.9972571568248185
352,0.05896332350062327,0.006556946545611467,0.9974864192459582
353,0.06701850715998237,0.01144352704135216,0.9967421906070069
354,0.0649630609085366,0.010113576659897434,0.9967297054502687
355,0.07941756812080254,0.013773793792231958,0.99761445608615
356,0.075968360276746,0.018686966518381233,0.9936951713654946
357,0.05824625682718401,0.008065414157295413,0.9964401301458268
358,0.05229555590509153,0.005980334028452269,0.9977168788311291
359,0.07103514250758372,0.0098789640822655,0.9977606606064832
360,0.07301488194126712,0.016182500786390705,0.9942601195343007
361,0.07399353582820241,0.010244640575998635,0.9967739168207423
362,0.05345215044649686,0.0062318626726111034,0.9976600005276756
363,0.06394270903580973,0.009539736000754218,0.9973854219889217
364,0.06356957405597231,0.011568110524130901,0.995898221147959
365,0.060405847645263654,0.01202589350406629,0.9937373817422533
366,0.06660720732363272,0.011730178707006959,0.9963134856319115
367,0.07552565180766939,0.011739587374203917,0.996894769161893
368,0.0634862731467782,0.00998025181471758,0.9974593755837201
369,0.06645428307612566,0.009140365089800699,0.9973349366996246
370,0.08096118465618134,0.013411765353363522,0.9976573748517438
371,0.06512879878817106,0.00803882488238083,0.9976709697638914
372,0.06483052357061832,0.008146407843933261,0.9971426153651755
373,0.07013950599546628,0.01133712001212474,0.9949729678600459
374,0.05876589334882814,0.008652699453579014,0.9970833801886712
375,0.06837415358507826,0.008368191784853842,0.9971069890209514
376,0.07935636831806064,0.014223047892673518,0.9963143823683166
377,0.0719117402096759,0.011690295208596815,0.9970564821403208
378,0.058142811791741036,0.006866879059145195,0.9967888502337574
379,0.06172553256426661,0.007627440669069719,0.9972877050756026
380,0.06768114127495965,0.012265554124766547,0.9967468226510822
381,0.0691045910217051,0.010659222481091508,0.9962921012270874
382,0.06046405583718409,0.007529022711461048,0.9968125850195806
383,0.06852444302738618,0.009894531240578222,0.9977095951802443
384,0.05897446935962391,0.008139087756311048,0.9972537430667128
385,0.06178641154204109,0.007585026832710374,0.9968730497154056
386,0.07729946938164277,0.013466552211410372,0.996771424557094
387,0.0652779732086567,0.007850376978185374,0.9970839880783847
388,0.05938558654168197,0.012327419131454865,0.9941104227921103
389,0.05524547111890861,0.006599534239571129,0.9974755287127082
390,0.05992838506065855,0.007049454117453012,0.9967637570987291
391,0.08929408245672166,0.017835923713110307,0.9953686414359372
392,0.09224314566994343,0.024761648720616175,0.9920866775265387
393,0.06009810674835428,0.008730573290121838,0.9973246222791314
394,0.05299201649093418,0.006048576718303565,0.9978190487789187
395,0.0552971718075669,0.008274035757818071,0.995925559645327
396,0.062090464802044436,0.008287803466279576,0.9974133103127045
397,0.06316544917030245,0.00956676215402832,0.9970259677065817
398,0.06815411769844337,0.008842234602210685,0.9971837427064706
399,0.0796279886047274,0.014459257251143377,0.9972256797016494
400,0.055618710790033325,0.007620422387970875,0.9971247625556887
401,0.0803302783092219,0.026644701559389892,0.9900856207871753
402,0.06279214079070482,0.008645097378511178,0.9966436874313104
403,0.08740965075548428,0.011202127241485277,0.9975592154066877
404,0.0794710946878202,0.012563270434882085,0.9959558223614335
405,0.07328167226200119,0.014630604874249867,0.9961801971452133
406,0.06433986689333772,0.00765815638672554,0.997401847847482
407,0.08405538074301426,0.01763111586497342,0.9923213651312535
408,0.06258679991967955,0.007893911458487887,0.9967747416114583
409,0.08391080565652598,0.015793913741133068,0.9960372108804628
410,0.06696830653005839,0.011043767890637698,0.996346134049718
411,0.057790820504534574,0.009937909833595566,0.9959613847725491
412,0.06285020783402805,0.009986714531450436,0.9967292264532795
413,0.07092049333159613,0.009023353163871425,0.9977370057260924
414,0.06686369961335163,0.01275833334097967,0.9949230135601199
415,0.0568603281365828,0.00664173383644041,0.9976851395811396
416,0.056727364852036506,0.007253286173652953,0.9965462467306696
417,0.07411124029860712,0.01082272559366386,0.9967415464898053
418,0.058342733111165765,0.007628391507227016,0.9977638680096926
419,0.05692762469007988,0.007040053586628672,0.9974430139789655
420,0.06835606742588504,0.011742204597580274,0.9973195165030206
421,0.06071248611432779,0.008007743395832212,0.9964778791014833
422,0.08232883057888968,0.016221085686191836,0.9976028094611329
423,0.06621563358861061,0.010083309280315254,0.9962739076307259
424,0.06870068087006172,0.010000900793319733,0.9963500674145521
425,0.05702995067106248,0.006829202807804957,0.9973045652423091
426,0.06541573318712246,0.008855114807344893,0.9971393540403306
427,0.056317625570208876,0.007048249067058804,0.9978433941790901
428,0.06855792991579032,0.009587222615100451,0.9973758941544352
429,0.07538164549645404,0.014885469727002141,0.996609575532973
430,0.062370908365232694,0.00908581158396949,0.9962908378135403
431,0.06529566196881476,0.011402321457305718,0.9966461359579368
432,0.06993382262849099,0.009482672737248374,0.9969842289214277
433,0.06135740305340038,0.007011076329859222,0.9972731334818167
434,0.0696509408356085,0.012011183061411752,0.9941101074994096
435,0.05921061122793597,0.010654512872388479,0.9953582186439554
436,0.07117028561475101,0.018820814345193747,0.9911812725004997
437,0.06699747246632907,0.008627853004307634,0.9975724392676164
438,0.061537198272148784,0.00922458955096618,0.9973387476241387
439,0.0588858773345202,0.008713204999228199,0.9965874898551862
440,0.07155794209757588,0.009361537077229877,0.9972227346749872
441,0.05655985396295422,0.0077727777651286105,0.9970892917642441
442,0.0557736365321384,0.007197857903165252,0.997168713192889
443,0.05729367371203299,0.006845765012150793,0.9972196934487562
444,0.05647230476235547,0.007129248269718552,0.9972131026140294
445,0.055368228224706315,0.006059986724919534,0.996942615903237
446,0.06699863889058219,0.010415518513143497,0.9974839332178884
447,0.06424710180479767,0.009904733382047892,0.9958765376281843
448,0.05746776043557907,0.008459767726351413,0.9971327376687329
449,0.06395134856818481,0.010125232539237415,0.9974095558667253
450,0.0745051352929818,0.014048435662149583,0.993803997951742
451,0.06307512070104056,0.007910868180774838,0.9969333171225676
452,0.06368728773382441,0.00915418286264947,0.9966783434956676
453,0.07210581214082477,0.008264534499816024,0.9980534461986366
454,0.0710192850220072,0.012174710400588415,0.9976343322204886
455,0.0647584209019358,0.009831230406245109,0.9969469333598739
456,0.06748060366922343,0.00898193467488972,0.996611948633055
457,0.08208415721703219,0.012348948790045665,0.9966968895019117
458,0.059656449670112736,0.0073646936985915555,0.9970315913908981
459,0.05598757972539653,0.00713482353956283,0.9972928739693118
460,0.06552652405163512,0.010241194669932037,0.9964207170052015
461,0.053252566694357885,0.006833679590853145,0.9972302631032267
462,0.05926340640094118,0.007253563650166146,0.9976614552063163
463,0.05492824740837068,0.007171405293576859,0.9973726696086209
464,0.05639881647607283,0.006517877656766452,0.9965597217777595
465,0.05391729036692759,0.005585634195972931,0.9970586729315517
466,0.07239811860238396,0.01094072965562872,0.9967702215369532
467,0.06330724245401943,0.02131864952379183,0.9885037708464788
468,0.06331442632211745,0.008330543790255784,0.9975632019168602
469,0.07909284429604721,0.012622506306250409,0.995290004875587
470,0.08095447398230386,0.01565366817619806,0.9970476225818119
471,0.0585757398597624,0.006795132802310496,0.9979233015399337
472,0.07000137064224664,0.01189853040296656,0.9967190212334958
473,0.05448064571945757,0.006248736042308101,0.9978274850158579
474,0.059984043058952,0.007763385553894464,0.9967419693164108
475,0.0505260198964657,0.005197397440476853,0.9980101981013301
476,0.05972074470285468,0.008489021628002184,0.9971597591051323
477,0.09668557080139267,0.02255919131159015,0.9889624830135255
478,0.06849682697111785,0.010373469668233251,0.9963299804975612
479,0.06549962005865453,0.009075407970960608,0.9970326686510133
480,0.07597526802084104,0.014186831594385078,0.9974421120693836
481,0.06218820469966838,0.007947344892145995,0.9968444940323519
482,0.08149737549872652,0.017368421805808002,0.9959784950026539
483,0.0630850553502622,0.007070500098190543,0.997146803446322
484,0.05350684458149415,0.005133599466562694,0.9976485734890543
485,0.06512021084634784,0.016260991311455825,0.992590615514405
486,0.06389707140657608,0.0074985091689073365,0.9978226673108392
487,0.06141605480213755,0.00912505088582849,0.9975326617103049
488,0.07020875308296876,0.011178851297625816,0.9973611312577256
489,0.11473589517444066,0.05014070793976369,0.9812413927594448
490,0.05703170662803863,0.007895931852401462,0.9966963754310595
491,0.05973254772500428,0.009586230859217872,0.9959805862393645
492,0.06884034022784068,0.012061649716204603,0.9970323245602682
493,0.07197454763377112,0.01329969547456121,0.996749963288126
494,0.05880374206419169,0.00776992173590513,0.9975653581773672
495,0.05725453275645466,0.007816546832626788,0.9971949465346577
496,0.06225344573596082,0.006727696273566704,0.9980803522123736
497,0.06272404870956223,0.00773471589535438,0.9965938278756049
498,0.07709267665519293,0.020914221454218663,0.9910543307750388
499,0.055807646634223704,0.006369804656653517,0.9974295511920748
500,0.06091982794577401,0.007990923974114198,0.9963873170084467
501,0.06466445891671802,0.011205405574563343,0.9968583593394843
502,0.06640420178117895,0.009218751002484328,0.997144112154828
503,0.05354789764542238,0.005802943697532859,0.9974588308681854
504,0.06017096281554788,0.009239539791897625,0.9966112987082549
505,0.06098504585739614,0.00865345875675308,0.997432254015351
506,0.07401796218649807,0.011076738386979925,0.9976351389079361
507,0.06785957105370113,0.01106294630303245,0.9954831383231977
508,0.05960264880227356,0.009966035940112963,0.9954311277390299
509,0.06425881511374956,0.008083614876437273,0.9979092207102569
510,0.07075153031737595,0.009802880445554517,0.996486039688398
511,0.0608713521395141,0.008763968553139817,0.9973898109161967
512,0.07781480451662953,0.02062842564764758,0.988991128828089
513,0.06197918526777559,0.009559856511053212,0.9973772168889882
514,0.0579419052401778,0.012409816516185007,0.9935565177544406
515,0.08455790774066262,0.015527079219028718,0.9952925733264782
516,0.07096483405801908,0.012945383993922971,0.996581619714353
517,0.0644047195730395,0.010752059335876933,0.99662458476874
518,0.11052025385851354,0.05291550491639105,0.9784095911293095
519,0.0865957108624812,0.014981034868706557,0.997430864108739
520,0.05940633862406425,0.008089026188560668,0.9978595395712989
521,0.07774625331845482,0.015491214733411661,0.9967777959266613
522,0.06497355625356288,0.01148258547909547,0.9952956243835919
523,0.06936649688026053,0.011833631284899901,0.9965554861628729
524,0.07771616756500156,0.019364415847151612,0.9918379714026923
525,0.06904846550040603,0.009128921297408998,0.9969809455921912
526,0.06638160534907572,0.010695659514741161,0.9968977497859812
527,0.05488483299845404,0.006495285304911049,0.9978593301251282
528,0.07632699133284794,0.01099516676168593,0.9957386186819337
529,0.05476223349021902,0.006273654970735145,0.9978349050931761
530,0.07059011950248517,0.00792201313589297,0.9974119912799759
531,0.04748998331292364,0.0043411724279711315,0.9979464766825793
532,0.07260527290181787,0.011212596706152033,0.9971506375633604
533,0.05384899315324404,0.00527256326549177,0.9973514952618571
534,0.07806518018658826,0.013782856050194152,0.9960452887370445
535,0.07527792282565177,0.01587497052082381,0.9958292707049297
536,0.06382187326927455,0.008260477503330444,0.9975503494358067
537,0.05276822469996155,0.006225057275852711,0.9976894285871272
538,0.07631840419410033,0.033465446571887256,0.9839943977437857
539,0.06026027001808721,0.008155930120768274,0.9966682400166017
540,0.06572541579118367,0.00926658240813156,0.9972503571832417
541,0.06928309017741728,0.011460253777279814,0.9976532529991194
542,0.0664982950375127,0.009102910902007275,0.9973253104432502
543,0.07879642319310613,0.009861023209218292,0.9973986391655236
544,0.06937654427174089,0.010778632221749981,0.9956228772013429
545,0.059704096164317454,0.008423849749277438,0.9973247719162693
546,0.06863725200938806,0.01246514311826975,0.9970549156982342
547,0.07704522941313499,0.011747289556963135,0.9968784540257648
548,0.06510700338419849,0.010396649876434566,0.9966303184045231
549,0.09261181223505704,0.031976493424156996,0.9842829360967238
550,0.06172232689097072,0.00829773154839113,0.9968402250944315
551,0.05673726714339873,0.006131818298022456,0.9975537301166298
552,0.07835856082856431,0.010500551922681406,0.9967839203287245
553,0.06402131923791302,0.01088323556545085,0.9960506574310428
554,0.07144189430604439,0.008544777284773295,0.9971381910867236
555,0.07282481317206321,0.025351282295511143,0.9873416484648105
556,0.055130697942199824,0.007217012363645767,0.9972845296485537
557,0.06603483409038177,0.009345965592130407,0.9978814653980339
558,0.05329738958258973,0.005578637053949892,0.9980425480487259
559,0.06488627661687867,0.008104025404709477,0.9966807213805581
560,0.07464929696754814,0.01361979644765842,0.9973915034756401
561,0.05932165902102099,0.008728410781563228,0.9971852654199425
562,0.05701638281131854,0.005733433063551574,0.9976638902488387
563,0.07225855245038128,0.012172821745966277,0.9943900368170371
564,0.0689641836147928,0.014758199589622822,0.9949672232944858
565,0.05170201727294276,0.005747358055957152,0.9973466590767921
566,0.07315502494612336,0.014896096671630405,0.9962941550484982
567,0.06283577905037278,0.00877886514638977,0.9974661650602907
568,0.07608021626099637,0.027874562738998732,0.9851239670609665
569,0.05678074595952988,0.006282861514797079,0.9975263713978877
570,0.10675963555705302,0.026377970278495425,0.9893342460159744
571,0.06111819033229289,0.007414441935047401,0.9979037848806662
572,0.05449452262002826,0.006132504515250871,0.9977547523161581
573,0.06775572952285971,0.011875208866775004,0.9947558754094407
574,0.07479330968692192,0.011629605079244742,0.9977502461041685
575,0.06311306094992236,0.00880844817276207,0.9970826032983943
576,0.05434896136277939,0.006071650412818924,0.9977351952939275
577,0.07671608949314705,0.010577387477882666,0.9969614563615803
578,0.08242680115959801,0.020838267244684294,0.9944193952508774
579,0.07495702322232255,0.015623874155718842,0.9950296825185102
580,0.07361338325537496,0.01122581861069328,0.9968116404928417
581,0.07106468564744298,0.011083858408544185,0.9967279642702479
582,0.06705666099383259,0.009310624940109391,0.9967579479672048
583,0.07703146695605174,0.010576628612206665,0.9969606332572796
584,0.07236983293402258,0.02062040851792906,0.9891866773582335
585,0.06582086175855557,0.010778237590213773,0.997516656966388
586,0.06645311050030993,0.011969735586382797,0.996805233347922
587,0.06213996377956742,0.007502818800279603,0.9972989753600086
588,0.07755414862409088,0.014292155088776883,0.9950656358929475
589,0.0881480869880276,0.02444444168749605,0.9923569819450947
590,0.09335913967073367,0.02382390542999508,0.9896135324558599
591,0.06369895409087724,0.009556202195602327,0.9973905974499498
592,0.06330694769369548,0.009726767759698312,0.9965100109531139
593,0.058202379498859286,0.008409890179004816,0.9971594135646088
594,0.06274620912424071,0.006711389145383939,0.9975874835579063
595,0.06628835537504167,0.011904861694892941,0.9970142097981893
596,0.05646450129751859,0.006534754070736185,0.9976020357043255
597,0.07543027332824322,0.01168838056166245,0.9976509837891572
598,0.05300646690749795,0.005235539800163238,0.9974729554995643
599,0.06351786223779843,0.009257667921193393,0.9971126321661942
600,0.06071108506295405,0.0062503657933625995,0.9978948809013621
601,0.06819670194384915,0.008965177837896889,0.9969807956914338
602,0.06356163557467986,0.008828656175381693,0.9973409509844392
603,0.0633042726871605,0.011005109150685751,0.996344860041445
604,0.1908039548789827,0.08147285865134787,0.9622947525483269
605,0.07125647304555445,0.015566183801559826,0.9939932380921501
606,0.11289055471512169,0.04948087868140805,0.978506979751736
607,0.06080321418382144,0.0101045610118742,0.9961856968265064
608,0.06526105630202521,0.007462056664091769,0.9972041373958627
609,0.08670899906500419,0.01441014593019487,0.9954968893756618
610,0.05877969851416957,0.0080787406849428,0.9974744271396075
611,0.0677968494479395,0.011458035243420124,0.9969230973650804
612,0.06125217390183568,0.009857835213237317,0.9971457620711913
613,0.05653317912853839,0.007811860333175876,0.9967160299792807
614,0.053220302321726476,0.006512745799126414,0.9972561145581967
615,0.07164788551253219,0.00959268149816686,0.9976187277492885
616,0.05910483044901196,0.0058074026454489,0.9978603483133841
617,0.07662004260669868,0.01283481369346911,0.9956237044441729
618,0.04956999086003723,0.004740507709142657,0.9977140621540854
619,0.05705528430649631,0.0074164925411828,0.9966337758320525
620,0.056290612696072245,0.007630537140028877,0.99707987963359
621,0.09292166628490724,0.02547410307615335,0.9934153798483663
622,0.0552304036344725,0.00601687078050289,0.9974750543998109
623,0.060531750983828875,0.00972763057343371,0.9970361028874302
624,0.05632085563330795,0.005367034914288041,0.9974518426816722
625,0.07736660172268166,0.01726016361589288,0.9963646675255121
626,0.0655167054325546,0.01019413249571844,0.9972306972003906
627,0.06512297861320042,0.00990785967739509,0.9970442370314948
628,0.09632594379802539,0.03742067941832127,0.9825756736478853
629,0.06149307168469806,0.014795134828792732,0.9923856018946735
630,0.06648324696794089,0.008656945415957167,0.9971096542296443
631,0.07034050217348049,0.012430166674989257,0.996572086825731
632,0.05751586441691861,0.009249945302300196,0.9953786451431333
633,0.05427131348577556,0.006504312764663736,0.9975841081747538
634,0.05739975344433141,0.00600553530371974,0.9972675518609405
635,0.05780821520880168,0.007949555176829722,0.997637384987623
636,0.08819744867312479,0.03889222659132568,0.9801592174822095
637,0.06268757238078258,0.01366410124446913,0.9937899856858201
638,0.06310811282099722,0.015631359458324983,0.9934122810602679
639,0.056746604769750644,0.008454997100527108,0.9968299660078255
640,0.06314091049947188,0.008211062555505315,0.9969643340548909
641,0.0892150219209285,0.018976144843406168,0.9952874250187947
642,0.0607695109017789,0.007781650054586978,0.9972987855016656
643,0.06662306586625939,0.008095699924759626,0.9973375910006971
644,0.06024600340732696,0.007607132378216308,0.997398237813054
645,0.059183162318253026,0.0076752292861988385,0.9971684923278871
646,0.052097406218786925,0.00608385077946641,0.9976005001796067
647,0.06678699362178458,0.011273084050651467,0.997124831751192
648,0.06554008819943538,0.008791935472432007,0.9968189425473586
649,0.05631353600682703,0.0059302268503136114,0.9974573469924363
650,0.08408170844189702,0.01730588950667526,0.9974604966948686
651,0.0748894185107518,0.014528422081097015,0.9966162154820295
652,0.0655033216548291,0.009913548731292198,0.9964664501358618
653,0.05517118791224809,0.005690209959891288,0.9978152270635735
654,0.07020645264191963,0.015272591925665034,0.9925443941439934
655,0.07069291086151674,0.010045782659624483,0.9960185397414889
656,0.06288717763281727,0.010057598585191396,0.9966732119677844
657,0.0850108419234926,0.019904208198973365,0.9963246857409224
658,0.05175810279919999,0.006163812912741083,0.9972644564464164
659,0.0632965182683809,0.014136290434525923,0.9935507843084687
660,0.059437415588091166,0.007719368114576413,0.9970615078770405
661,0.06070203142134882,0.00828516038094794,0.9974033459011247
662,0.06562019209481387,0.007221417533070212,0.99779810865947
663,0.06875706703792356,0.009443173854054649,0.9970101863794579
664,0.05975099386573804,0.007661448567509938,0.9975898464436009
665,0.0658481049601948,0.00869197321407055,0.9981524066095201
666,0.06566354935591752,0.008464114170073719,0.9966614523982851
667,0.06834416873901479,0.015863963303778802,0.993123777452855
668,0.06413747186672256,0.010024038686347481,0.9966610340637295
669,0.06166089762687063,0.014152523264393618,0.993027384361601
670,0.06786219563602121,0.010738816549070444,0.9965189459720449
671,0.042896035744382326,0.003435910917904995,0.9981828884198164
672,0.07588564300032445,0.020809248518162272,0.989410781172095
673,0.06347670378876125,0.009556611351654044,0.9963436231993834
674,0.05519256071513474,0.006874248051894961,0.9966491434664051
675,0.06169949412841011,0.008877742897701373,0.9965942260296132
676,0.0669791713051606,0.010218326972692654,0.9978898504917206
677,0.05244283860394505,0.00551717395887368,0.997351264344385
678,0.05653169066697094,0.0057203050144174795,0.9975026895877712
679,0.08011592255181263,0.018356402565086704,0.9914101723091266
680,0.06285924073306409,0.008978772879486244,0.9967368383320937
681,0.05554406667545995,0.007283961771910748,0.9974873485062284
682,0.06105994984408437,0.007582478075163996,0.9974671264058913
683,0.07558943745195391,0.009958013883287086,0.9970491364099882
684,0.06820696232111369,0.01197077427790042,0.997401020803108
685,0.09133757639317377,0.024883183240999116,0.9943099286072752
686,0.061325256869237184,0.009028400497003349,0.9974378885502174
687,0.0656398076224246,0.008746622535088937,0.9968364932744561
688,0.09023133462011837,0.018454715789517743,0.9937003720541047
689,0.06119681813041651,0.009400068799276911,0.9969575885895257
690,0.07400545393369105,0.014880334687166864,0.9960155795858427
691,0.0575274051920959,0.008421233747453752,0.9968936775024033
692,0.05285891433853505,0.005713510910474228,0.997435335594754
693,0.07723361688763355,0.016080168579926803,0.9966615498453694
694,0.07997678516763097,0.01875330308600003,0.991709828857805
695,0.052240550477387675,0.005362703815427253,0.9974617903439226
696,0.08273060716824612,0.0123960838581333,0.9965866874998883
697,0.06517409176348983,0.011914794789869851,0.9967041154535554
698,0.0543742113221731,0.006033233148497512,0.9975022509567814
699,0.07278839436782657,0.011662304329644437,0.9973434390883008
700,0.060235339475902316,0.009173356258288969,0.996588940998529
701,0.05590097864202499,0.006859025650268855,0.9975605197688652
702,0.0587554408031166,0.00843562527104578,0.9967068309068267
703,0.05703340761360634,0.0075139920395188445,0.9972180916612362
704,0.05473168759704668,0.007811969367094883,0.9967462707485203
705,0.07196353153731065,0.008930494531181235,0.997349539783238
706,0.05260910594108943,0.0053564663703065665,0.9977665003707645
707,0.06015250345701124,0.007402989480139954,0.9969784615857037
708,0.058617738252400506,0.0104972949391125,0.9951487445571129
709,0.06522759676730869,0.008942954932613397,0.996668481336857
710,0.06938612102099607,0.012758082792907565,0.9966048093571934
711,0.06260616071509555,0.008839676966715747,0.9963686482009172
712,0.06890220254037832,0.010484840564558872,0.9977813775507447
713,0.057886192763581465,0.007208205977438472,0.9967392943132055
714,0.05942718110448794,0.007778663769880932,0.9974228411163532
715,0.07086949511139241,0.013147201510398736,0.9971784985782323
716,0.06199454189638133,0.009085418254007785,0.9975500058477932
717,0.09557955564688851,0.029237701799213055,0.990534616943938
718,0.06532908281231518,0.010788041626018893,0.996046773654974
719,0.08895781249406452,0.024004825442246382,0.9945922214813764
720,0.05566663037812435,0.007178613521479669,0.9970380608750264
721,0.06607833139855558,0.011440215628682365,0.9967657554727216
722,0.053089693886545865,0.005273881138106285,0.9978134093233403
723,0.08357073685868463,0.015397781904908507,0.9976642105695787
724,0.06735012402506332,0.008340005482795211,0.9974987908786267
725,0.10272089073528545,0.042842653336405745,0.9835819475161397
726,0.055410426372846884,0.006166892117274981,0.9976970661292319
727,0.059566730768127074,0.00730173605996908,0.9974997615828766
728,0.05998688758192705,0.006213093978453569,0.9976780145557035
729,0.06395756550217191,0.008841559833615578,0.9974749109101908
730,0.06886896045131885,0.010201534582479287,0.9978664808363478
731,0.06077215956312907,0.009330924742756963,0.9969678931245873
732,0.07286198001811046,0.011560778933273713,0.9965150221995724
733,0.06657080834435733,0.012165160953613374,0.9959719055812523
734,0.05955093812747492,0.008461694261776183,0.9975898078717857
735,0.06159751158998888,0.009322527866679666,0.9974457609545461
736,0.06657343911965022,0.007917193725357225,0.9962199385158185
737,0.10576474640191585,0.02732975652772971,0.9931695472399891
738,0.07526716719246632,0.010508055764003295,0.9973675489618539
739,0.06578921777698135,0.007715052527127812,0.9975841267867555
740,0.0742442316062912,0.014272543931613797,0.9962861532713816
741,0.06364237696341794,0.012699258191017066,0.9940305625538768
742,0.04666792260760584,0.004123021799351474,0.9981709964696718
743,0.05704810394236526,0.007253546105205987,0.9976828619753978
744,0.061951861582856725,0.009572526786924515,0.9973880606296979
745,0.07555108587716343,0.01926039188272964,0.9916586088538889
746,0.06020645404651968,0.008567537660327184,0.9965879449905654
747,0.0483579000211483,0.00546904849618309,0.9975180204087827
748,0.0617174446183413,0.010217749307207065,0.99603687463746
749,0.07559532561541436,0.014599049218295107,0.9964817122849716
750,0.0541068993779807,0.006349230247364024,0.9973521165952622
751,0.053676307919954806,0.0063724841100181815,0.9972580789899806
752,0.06238834739971027,0.008646228148798939,0.9974428113410421
753,0.0694522088838541,0.009104108068858396,0.9970965479635913
754,0.05927984198704431,0.007203147219223393,0.9976597180482957
755,0.08116022758069653,0.013956755014238948,0.9945979418677501
756,0.06862906907681596,0.009808888240400361,0.9956355999569867
757,0.0572813666180642,0.005940939448769788,0.998211574888186
758,0.06865667299874927,0.01223793733704479,0.9970477291416163
759,0.10702449544662675,0.031498428617783104,0.9911427999060926
760,0.06576066882263311,0.010194028491244575,0.9968370166160705
761,0.059369878661796154,0.006992154091645737,0.9981100051813551
762,0.05921400770461691,0.008282825216466764,0.9971947355728302
763,0.06983304044793322,0.020146278458425936,0.9908922530931171
764,0.05485068953296837,0.00640293897282303,0.997768780413931
765,0.0632329227167556,0.00911582451629461,0.9959376008623809
766,0.05839147918206364,0.006248357732820637,0.9975349774077752
767,0.06731724503500401,0.013014579348592832,0.9939190098712798
768,0.05704325569056383,0.008022298744835094,0.9968719674659728
769,0.0605235003413379,0.008661237711086603,0.9972508628527184
770,0.06130085687099113,0.008209822259482084,0.9974178870293904
771,0.06422698046511288,0.009470872537532751,0.9969642548550096
772,0.05757865163420781,0.008040307176706158,0.9973093296074377
773,0.059015636938112834,0.007857952651811821,0.9962887442282262
774,0.08679140083752332,0.025600816104979315,0.9874840929972991
775,0.057891432493001535,0.007108147389277948,0.9975159880683823
776,0.06562843433446772,0.010398882025477802,0.997132749301502
777,0.05756558647413134,0.005944539411476865,0.997684231210419
778,0.06984466469124768,0.010829032161197407,0.9978586429157923
779,0.06903036722271573,0.011671608100320047,0.9954031091985167
780,0.09483153478133258,0.029547073859546365,0.9851919497408014
781,0.06931230106252974,0.011333331562893956,0.9975789477497095
782,0.06090409919659692,0.007634181528031634,0.9965282288224767
783,0.06290596349886157,0.009645532257662652,0.9972016186760727
784,0.05647267251833997,0.006457421358770312,0.9978044719425083
785,0.06029027643558032,0.015940776644553855,0.9919832112228113
786,0.05890742405599095,0.011095734699788206,0.9952327536164605
787,0.06614137341455409,0.010978649472896696,0.9972672381650165
788,0.057775777993129794,0.007396823963737417,0.9978597308104683
789,0.05500154075295182,0.005870951220590024,0.9972505755667603
790,0.06046582307177801,0.00962345651284026,0.9968921913054367
791,0.06555007406382721,0.008132444983558947,0.9967144336375946
792,0.048450617343274056,0.004164172797078293,0.9979966225357793
793,0.06282844193904576,0.009228672969201308,0.9967693848502874
794,0.04939464057096516,0.005055492504535451,0.9980586168653269
795,0.0717536160002568,0.0101717948749058,0.9963792868362328
796,0.059173303882174275,0.008149523492526657,0.9972898937362812
797,0.06905200827411559,0.015602671589520587,0.9924452419999058
798,0.05773112175491442,0.008000832557370998,0.9976060205407183
799,0.046635516836151435,0.0038642109907351487,0.9981205452280876
